"id","category","family","label","github_issue","status","source_files","source_vars","file"
"first_age_smoke","behavioural_lifestyle","first_age_smoke","Age in years the cohort member first started smoking regularly (earliest reported across sweeps)",13,"verified","bcs70_2012_flatfile; bcs_age46_main; bcs11_age51_main","B9AGESTR; B10AGESTR; b11agestr","R/variables/behavioural_lifestyle/first_age_smoke/first_age_smoke.R"
"highest_qualification","education","highest_qualification","Highest qualification ever achieved, harmonised to NVQ level (0 none - 5 degree+), across all sweeps",17,"draft","bcs21yearsample; bcs96x; bcs6derived; bcs7derived; bcs8derived; bcs70_2012_derived; bcs_age46_main; bcs11_age51_main","hqual16; hqual21; hqual26; HINVQ00; BD7HNVQ; BD8HNVQ; BD9HNVQ; BD10HNVQ; bd11hnvq","R/variables/education/highest_qualification/highest_qualification.R"
"region_0y","housing","region","Region of residence at birth (1970), Standard Region, as a string",20,"draft","bcs1derived","BD1REGN","R/variables/housing/region/region_0y.R"
"region_10y","housing","region","Region of residence at age 10 (1980), Standard Region, as a string",20,"draft","bcs3derived","bd3regn","R/variables/housing/region/region_10y.R"
"region_16y","housing","region","Region of residence at age 16 (1986), Government Office Region, as a string",20,"draft","bcs4derived","BD4GOR","R/variables/housing/region/region_16y.R"
"region_21y","housing","region","Region of residence at age 21 (1991), survey region mapped to Government Office Region, as a string",20,"draft","bcs21yearsample","region","R/variables/housing/region/region_21y.R"
"region_26y","housing","region","Region of residence at age 26 (1996), Government Office Region, as a string",20,"draft","bcs5derived","BD5GOR","R/variables/housing/region/region_26y.R"
"region_29y","housing","region","Region of residence at age 29 (2000), Government Office Region, as a string",20,"draft","bcs6derived","BD6GOR","R/variables/housing/region/region_29y.R"
"region_34y","housing","region","Region of residence at age 34 (2004), Government Office Region, as a string",20,"draft","bcs7derived","BD7GOR","R/variables/housing/region/region_34y.R"
"region_38y","housing","region","Region of residence at age 38 (2008), Government Office Region, as a string",20,"draft","bcs8derived","BD8GOR","R/variables/housing/region/region_38y.R"
"region_42y","housing","region","Region of residence at age 42 (2012), Government Office Region, as a string",20,"draft","bcs70_2012_derived","BD9GOR","R/variables/housing/region/region_42y.R"
"region_46y","housing","region","Region of residence at age 46 (2016), Government Office Region, as a string",20,"draft","bcs_age46_main","BD10GOR","R/variables/housing/region/region_46y.R"
"region_51y","housing","region","Region of residence at age 51 (2021), Government Office Region, as a string",20,"draft","bcs11_age51_main","bd11rgn","R/variables/housing/region/region_51y.R"
"region_5y","housing","region","Region of residence at age 5 (1975), Standard Region, as a string",20,"draft","bcs2derived","BD2REGN","R/variables/housing/region/region_5y.R"
